名称:天气之子,类型:爱情／动画／奇幻,上映时间:2019-11-01
名称:误杀,类型:剧情／犯罪,上映时间:2019-12-13
名称:哪吒之魔童降世,类型:动画／喜剧／奇幻,上映时间:2019-07-26
名称:唐人街探案2,类型:喜剧／动作／悬疑,上映时间:2018-02-16
名称:少年的你,类型:爱情／青春／剧情,上映时间:2019-10-25
名称:战狼2,类型:动作／战争,上映时间:2017-07-27
名称:火箭少女101飞行演唱会*广州站,类型:歌舞,上映时间:2019-03-30
名称:毒液2,类型:动作／科幻／惊悚／恐怖,上映时间:2020-06-25
名称:命运之夜——天之杯3：春之歌,类型:剧情／动画／奇幻,上映时间:2020-03-28
名称:哥斯拉2：怪兽之王,类型:科幻／灾难／动作,上映时间:2019-05-31
名称:恐怖电影院2,类型:恐怖／惊悚,上映时间:2017-10-20
名称:复仇者联盟4：终局之战,类型:动作／冒险／奇幻,上映时间:2019-04-24
名称:流浪地球,类型:剧情／冒险／科幻,上映时间:2019-02-05
名称:中国机长,类型:剧情／传记,上映时间:2019-09-30
名称:疯狂的外星人,类型:剧情／喜剧／科幻,上映时间:2019-02-05
名称:冰雪奇缘2,类型:喜剧／动画／冒险,上映时间:2019-11-22
名称:我和我的祖国,类型:剧情,上映时间:2019-09-30
名称:数码宝贝大冒险：最后的进化·羁绊,类型:动画／冒险,上映时间:2020-02-21
名称:因爱而伟大,类型:剧情／家庭,上映时间:
名称:两只老虎,类型:剧情／喜剧,上映时间:2019-11-29
名称:速度与激情：增压,类型:动作／短片,上映时间:2015-06-25
名称:釜山行,类型:动作／惊悚／灾难,上映时间:2016-05-13
名称:囧妈,类型:剧情／喜剧,上映时间:2020-01-25
名称:与神同行：罪与罚,类型:剧情／奇幻,上映时间:2017-12-20
名称:活着,类型:灾难,上映时间:2020-06-24
名称:攀登者,类型:剧情／冒险,上映时间:2019-09-30
名称:野性的呼唤,类型:剧情／冒险,上映时间:2020-02-21
名称:反贪风暴5,类型:动作／犯罪,上映时间:2019
名称:我不是药神,类型:剧情／喜剧,上映时间:2018-07-05
名称:烈火英雄,类型:灾难／动作／剧情,上映时间:2019-08-01
名称:南方车站的聚会,类型:剧情／犯罪,上映时间:2019-12-06
名称:速度与激情：特别行动,类型:动作／惊悚／犯罪,上映时间:2019-08-23
名称:叶问4：完结篇,类型:动作／剧情／传记,上映时间:2019-12-20
名称:泰迦奥特曼剧场版 新世代CLIMAX,类型:科幻／冒险,上映时间:2020-03-06
名称:你的名字。,类型:爱情／动画／奇幻,上映时间:2016-12-02
名称:动物世界,类型:动作／悬疑／冒险,上映时间:2018-06-29
名称:宠爱,类型:喜剧／爱情／剧情,上映时间:2019-12-31
名称:速度与激情8,类型:动作／惊悚／犯罪,上映时间:2017-04-14
名称:大赢家,类型:喜剧,上映时间:2020-03-20
名称:西虹市首富,类型:喜剧,上映时间:2018-07-27
名称:红海行动,类型:剧情／动作,上映时间:2018-02-16
名称:鬼灭之刃 兄妹的羁绊,类型:动作／动画／惊悚／奇幻,上映时间:2019-03-29
名称:战神诀,类型:战争,上映时间:2019
名称:航海王：狂热行动,类型:动画／冒险,上映时间:2019-10-18
名称:我非英雄,类型:剧情,上映时间:
名称:未来想象记,类型:动画／短片,上映时间:2019-04-16
名称:前任3：再见前任,类型:喜剧／爱情,上映时间:2017-12-29
名称:大鱼海棠2,类型:动画／奇幻,上映时间:
名称:反贪风暴4,类型:剧情／动作／犯罪,上映时间:2019-04-04
名称:知晓天空之蓝的人啊,类型:动画,上映时间:2019-10-09
名称:明日战记,类型:动作／科幻／冒险,上映时间:2019
名称:蜘蛛侠：英雄远征,类型:动作／冒险／科幻,上映时间:2019-06-28
名称:美人鱼,类型:喜剧／爱情／科幻,上映时间:2016-02-08
名称:复仇者联盟3：无限战争,类型:动作／冒险／科幻,上映时间:2018-05-11
名称:白蛇：缘起,类型:爱情／动画／奇幻,上映时间:2019-01-11
名称:报告老师！怪怪怪怪物！,类型:剧情／恐怖,上映时间:2017-04-23
名称:扫毒2天地对决,类型:剧情／动作／悬疑／犯罪,上映时间:2019-07-05
名称:千与千寻,类型:动画／冒险／奇幻／家庭,上映时间:2019-06-21
名称:熊出没·原始时代,类型:喜剧／动画／冒险,上映时间:2019-02-05
名称:银河补习班,类型:剧情／家庭,上映时间:2019-07-18
名称:小丑,类型:剧情／惊悚／犯罪,上映时间:2019-10-04
名称:大鱼海棠,类型:剧情／动画／奇幻,上映时间:2016-07-08
名称:战狼三级班,类型:短片,上映时间:2017
名称:陀地驱魔人,类型:剧情／恐怖,上映时间:2015-11-22
名称:毒液：致命守护者,类型:动作／惊悚／科幻,上映时间:2018-11-09
名称:紫罗兰永恒花园 外传：永远与自动手记人偶,类型:剧情／动画,上映时间:2020-01-10
名称:老师·好,类型:剧情／喜剧,上映时间:2019-03-22
名称:泰迦奥特曼剧场版 新世代CLIMAX,类型:剧情／科幻／冒险,上映时间:
名称:麦路人,类型:剧情,上映时间:2019-10-29
名称:无名之辈,类型:剧情／喜剧／犯罪,上映时间:2018-11-16
名称:上海堡垒,类型:科幻／爱情／战争,上映时间:2019-08-09
名称:被光抓走的人,类型:剧情／爱情,上映时间:2019-12-13
名称:灭狐行动,类型:动作／剧情,上映时间:
名称:变形金刚7,类型:动作／科幻／冒险,上映时间:2019-06-28
名称:名侦探柯南：绀青之拳,类型:动画／悬疑／动作,上映时间:2019-09-13
名称:吹哨人,类型:剧情／犯罪／悬疑,上映时间:2019-12-06
名称:阿特米斯的奇幻历险,类型:动作／冒险／家庭,上映时间:2020-06-12
名称:建军大业,类型:剧情／历史,上映时间:2017-07-27
名称:光天化日,类型:动作／爱情／犯罪,上映时间:2019
名称:大约在冬季,类型:剧情／爱情,上映时间:2019-11-15
名称:午夜0时的吻,类型:爱情,上映时间:2019-12-06
名称:流浪猫鲍勃,类型:剧情／喜剧／传记,上映时间:2018-11-02
名称:与神同行2：因与缘,类型:动作／奇幻,上映时间:2018-08-01
名称:哪吒2,类型:剧情／喜剧／动画／奇幻,上映时间:
名称:速度与激情7,类型:动作／惊悚／犯罪,上映时间:2015-04-12
名称:路人女主的养成方法 剧场版,类型:爱情／动画,上映时间:2019-10-26
名称:建国大业,类型:剧情／历史,上映时间:2009-09-16
名称:蝙蝠侠：黑暗骑士,类型:剧情／动作／科幻／惊悚／犯罪,上映时间:2008-07-14
名称:钢铁侠3,类型:动作／科幻,上映时间:2013-05-01
名称:美国队长3,类型:动作／冒险／科幻,上映时间:2016-05-06
名称:后来的我们,类型:剧情／爱情,上映时间:2018-04-28
名称:小人物,类型:喜剧,上映时间:
名称:那个瞬间，我很想哭,类型:剧情／爱情／音乐,上映时间:2019-11-08
名称:新喜剧之王,类型:剧情／喜剧,上映时间:2019-02-05
名称:哆啦A梦：大雄的新恐龙,类型:动画,上映时间:2020-03
名称:纽约唐人街碎尸案,类型:剧情,上映时间:1961
名称:唐山大地震,类型:剧情／历史／灾难,上映时间:2010-07-22
名称:当幸福来敲门,类型:剧情／家庭／传记,上映时间:2008-01-17
名称:命运之夜——天之杯II ：迷失之蝶,类型:剧情／动画／奇幻,上映时间:2019-07-12
名称:泰坦尼克号,类型:剧情／爱情／灾难,上映时间:1998-04-03
名称:银翼杀手2049,类型:剧情／科幻／惊悚,上映时间:2017-10-27
名称:比悲伤更悲伤的故事,类型:剧情／爱情,上映时间:2019-03-14
名称:金刚狼3：殊死一战,类型:动作／冒险／科幻,上映时间:2017-03-03
名称:下一任：前任,类型:爱情,上映时间:2019-05-01
名称:海王,类型:动作／冒险／奇幻,上映时间:2018-12-07
名称:变形金刚5：最后的骑士,类型:动作／冒险／科幻,上映时间:2017-06-23
名称:阿凡达,类型:动作／科幻／冒险,上映时间:2010-01-04
名称:乘风破浪,类型:剧情／喜剧／冒险,上映时间:2017-01-28
名称:羞羞的铁拳,类型:喜剧／奇幻,上映时间:2017-09-30
名称:快把我哥带走,类型:喜剧／奇幻,上映时间:2018-08-17
名称:想起我的男人背地里哭,类型:剧情,上映时间:2016
名称:飞驰人生,类型:喜剧／动作,上映时间:2019-02-05
名称:智齿,类型:悬疑／犯罪,上映时间:2019
名称:万达，残暴的催眠师,类型:喜剧／恐怖,上映时间:1969
名称:钢铁侠4,类型:剧情／动作／科幻,上映时间:
名称:真·三国无双,类型:爱情,上映时间:2018
名称:正义联盟,类型:动作／冒险／科幻,上映时间:2017-11-17
名称:老炮儿,类型:剧情／动作,上映时间:2015-12-24
名称:家有喜事2020,类型:喜剧,上映时间:2020-01-25
名称:鬼片王之再现凶榜,类型:恐怖,上映时间:1999-11-18
名称:绿皮书,类型:剧情／喜剧／传记,上映时间:2019-03-01
名称:最好的我们,类型:爱情／青春,上映时间:2019-06-06
名称:半个喜剧,类型:爱情／喜剧,上映时间:2019-12-20
名称:寻梦环游记,类型:动画／冒险／家庭,上映时间:2017-11-24
名称:沉睡魔咒2,类型:冒险／家庭／奇幻,上映时间:2019-10-18
名称:阿丽塔：战斗天使,类型:动作／冒险／科幻,上映时间:2019-02-22
名称:狮子王,类型:剧情／动画／冒险,上映时间:2019-07-12
名称:惊天营救,类型:动作／惊悚／犯罪,上映时间:2020-04-24
名称:寒战3,类型:剧情／动作／犯罪,上映时间:2019
名称:角头2：王者再起,类型:剧情／动作／犯罪,上映时间:2018-02-15
名称:追龙Ⅱ,类型:犯罪／剧情／动作,上映时间:2019-06-06
名称:鬼影特攻：以暴制暴,类型:动作／惊悚,上映时间:2019-12-10
名称:我的爸爸是森林之王Ⅱ,类型:喜剧／动画,上映时间:
名称:名侦探柯南特典：怪盗基德诞生的秘密,类型:剧情／悬疑／犯罪,上映时间:2010-04-24
名称:星球大战：天行者崛起,类型:动作／科幻／冒险,上映时间:2019-12-20
名称:妖猫传,类型:爱情／奇幻,上映时间:2017-12-22
名称:侏罗纪世界2,类型:动作／冒险／科幻,上映时间:2018-06-15
名称:湄公河行动,类型:剧情／动作／犯罪,上映时间:2016-09-30
名称:诛仙1,类型:古装／爱情／奇幻,上映时间:2019-09-13
名称:复仇者联盟,类型:动作／科幻／奇幻／冒险,上映时间:2012-05-05
名称:盗墓笔记,类型:惊悚／悬疑／奇幻,上映时间:2016-08-05
名称:“大”人物,类型:动作／犯罪,上映时间:2019-01-10
名称:泰坦尼克号3D,类型:爱情／灾难／剧情,上映时间:2012-04-10
名称:平凡老爸,类型:喜剧,上映时间:
名称:牧马人,类型:剧情／爱情,上映时间:1982
名称:大侦探皮卡丘,类型:冒险／奇幻／喜剧,上映时间:2019-05-10
名称:芳华,类型:剧情／爱情／战争,上映时间:2017-12-15
名称:盗梦空间,类型:剧情／科幻／悬疑／冒险,上映时间:2010-09-01
名称:美丽人生,类型:战争／剧情／爱情,上映时间:2020-01-03
名称:蝙蝠侠：黑暗骑士崛起,类型:剧情／动作／科幻／惊悚／犯罪,上映时间:2012-08-27
名称:负重前行,类型:剧情／恐怖／悬疑,上映时间:2017-10-06
名称:哈利·波特与死亡圣器（下）,类型:奇幻／冒险,上映时间:2011-08-04
名称:终结者：黑暗命运,类型:动作／冒险／科幻,上映时间:2019-11-01
名称:奇门遁甲,类型:喜剧／动作／奇幻,上映时间:2017-12-14
名称:盖世俊杰,类型:动作,上映时间:2020-01-10
名称:肖申克的救赎,类型:剧情／犯罪,上映时间:1994-09-10
名称:使徒行者2：谍影行动,类型:剧情／动作／犯罪,上映时间:2019-08-07
名称:狄仁杰之四大天王,类型:动作／悬疑／奇幻／武侠／古装,上映时间:2018-07-27
名称:疯狂动物城,类型:动画／动作／冒险,上映时间:2016-03-04
名称:罗小黑战记,类型:动画／动作／奇幻,上映时间:2019-09-07
名称:悲伤逆流成河,类型:剧情／爱情／家庭,上映时间:2018-09-21
名称:一出好戏,类型:剧情／喜剧,上映时间:2018-08-10
名称:冰雪奇缘,类型:喜剧／动画／歌舞／奇幻,上映时间:2014-02-05
名称:摔跤吧！爸爸,类型:喜剧／动作／家庭,上映时间:2017-05-05
名称:狐踪谍影,类型:动作／战争,上映时间:2020-01-10
名称:饥饿站台,类型:科幻／惊悚,上映时间:2019-09-06
名称:哈利·波特禁忌之旅,类型:短片／冒险,上映时间:2010-06-18
名称:我想吃掉你的胰脏,类型:剧情／爱情／动画,上映时间:2019-01-18
名称:蜡笔小新：激战！涂鸦王国和约四位勇士,类型:动画,上映时间:2020-04-24
名称:乐高蜘蛛侠：缠人的毒液,类型:动作／动画／短片,上映时间:2019-08-03
名称:驴得水,类型:剧情／喜剧,上映时间:2016-10-28
名称:让子弹飞,类型:剧情／喜剧／动作／西部,上映时间:2010-12-16
名称:小黄人大眼萌：神偷奶爸前传,类型:喜剧／动画,上映时间:2021-07-02
名称:无双,类型:动作／惊悚／犯罪,上映时间:2018-09-30
名称:惊悚,类型:短片,上映时间:2017-06-03
名称:何以为家,类型:剧情,上映时间:2019-04-29
名称:江湖儿女,类型:爱情／犯罪,上映时间:2018-09-21
名称:西游记女儿国,类型:喜剧／爱情／动作,上映时间:2018-02-16
名称:长江七号,类型:喜剧／奇幻／家庭,上映时间:2008-01-30
名称:误杀瞒天记,类型:剧情／悬疑／犯罪,上映时间:2015-07-30
名称:功夫,类型:喜剧／动作／犯罪,上映时间:2004-12-23
名称:杀破狼·贪狼,类型:剧情／动作／犯罪,上映时间:2017-08-17
名称:盗爱空间之私人电影,类型:爱情,上映时间:2016-05-10
名称:新世纪福音战士：真人版,类型:剧情／动作／科幻,上映时间:2019-06-21
名称:拆弹·专家,类型:动作／悬疑／犯罪,上映时间:2017-04-28
名称:寄生虫,类型:剧情／科幻,上映时间:2019-05-21
名称:封神传奇,类型:动作／奇幻／古装,上映时间:2016-07-29
名称:复仇者联盟2：奥创纪元,类型:动作／科幻／奇幻／冒险,上映时间:2015-05-12
名称:环太平洋：雷霆再起,类型:动作／冒险／科幻,上映时间:2018-03-23
名称:追龙,类型:动作／犯罪,上映时间:2017-09-30
名称:蝙蝠侠大战超人：正义黎明,类型:动作／科幻／奇幻,上映时间:2016-03-25
名称:胖子行动队,类型:喜剧／动作,上映时间:2018-09-30
名称:世界最大的影视城: 横店影视城,类型:纪录片,上映时间:2007-09-01
名称:王牌特工：特工学院,类型:喜剧／动作／冒险,上映时间:2015-03-27
名称:我的爸爸是森林之王,类型:喜剧／动画,上映时间:2017-10-14
名称:熊出没的开垦地,类型:动作,上映时间:1932-04-14
名称:若能与你共乘海浪之上,类型:奇幻／爱情／动画,上映时间:2019-12-07
名称:利刃出鞘,类型:剧情／悬疑／惊悚／犯罪,上映时间:2019-11-29
名称:命运之夜 无限剑制 Sunny Day,类型:动画,上映时间:2015-10-07
名称:环太平洋,类型:动作／科幻／冒险,上映时间:2013-07-31
名称:猛禽小队和哈莉·奎茵,类型:动作／犯罪／冒险,上映时间:2020-02-05
名称:灰猎犬号,类型:剧情／战争,上映时间:2020-06-12
名称:人再囧途之泰囧,类型:喜剧,上映时间:2012-12-12
名称:扫毒3,类型:剧情／动作／犯罪,上映时间:2019
名称:寂静之地,类型:剧情／恐怖／惊悚,上映时间:2018-05-18
名称:X战警：黑凤凰,类型:动作／冒险／科幻,上映时间:2019-06-06
名称:天堂电影院,类型:剧情／爱情,上映时间:1988-11-17
名称:速度与激情6,类型:动作／惊悚／犯罪,上映时间:2013-07-26
名称:大话西游之大圣娶亲,类型:喜剧／爱情／奇幻／古装,上映时间:2014-10-24
名称:巨齿鲨,类型:动作／冒险／科幻,上映时间:2018-08-10
名称:儿童警察 电影版,类型:喜剧／动作,上映时间:2013-03-20
名称:霸王别姬,类型:剧情／爱情,上映时间:1993-07-26
名称:神奇女侠,类型:动作／冒险／奇幻,上映时间:2017-06-02
名称:勇敢者游戏2：再战巅峰,类型:动作／冒险,上映时间:2019-12-06
名称:全民目击,类型:悬疑／犯罪,上映时间:2013-09-13
名称:地久天长,类型:剧情,上映时间:2019-03-22
名称:爵迹,类型:奇幻／动作／冒险,上映时间:2016-09-30
名称:西游记之孙悟空三打白骨精,类型:喜剧／动作／奇幻,上映时间:2016-02-08
名称:从你的全世界路过,类型:喜剧／爱情,上映时间:2016-09-29
名称:捉妖记2,类型:喜剧／奇幻,上映时间:2018-02-16
名称:怦然心动,类型:剧情／喜剧／爱情,上映时间:2010-07-26
名称:犯罪现场,类型:犯罪／悬疑／剧情,上映时间:2019-10-12
名称:小丑回魂2,类型:剧情／恐怖／奇幻,上映时间:2019-09-06
名称:移情大师,类型:喜剧／爱情,上映时间:2020-01-01
名称:蜘蛛侠：英雄归来,类型:动作／冒险／科幻,上映时间:2017-09-08
名称:疯狂进化人,类型:喜剧／动画,上映时间:2015-08
名称:春潮,类型:剧情／家庭,上映时间:2020-05-17
名称:黑帮大佬和我的365日,类型:情色,上映时间:2020-02-07
名称:名侦探柯南OVA11：来自伦敦的秘密指令,类型:爱情／冒险,上映时间:2011-06-01
名称:王牌特工2：黄金圈,类型:动作／冒险／喜剧,上映时间:2017-10-20
名称:惊奇队长,类型:动作／冒险／科幻,上映时间:2019-03-08
名称:碟中谍6：全面瓦解,类型:动作／惊悚／冒险,上映时间:2018-08-31
名称:鼠胆英雄,类型:喜剧／爱情,上映时间:2019-08-02
名称:五月天“突然好想见到你”线上演唱会,类型:音乐／真人秀,上映时间:2020-05-31
名称:前哨基地,类型:动作／科幻／惊悚,上映时间:2019-03-15
名称:冰之下,类型:剧情,上映时间:2019
名称:熊出没·变形记,类型:喜剧／动画／冒险,上映时间:2018-02-16
名称:看不见的客人,类型:犯罪／悬疑／惊悚,上映时间:2017-09-15
名称:来电狂响,类型:剧情／喜剧,上映时间:2018-12-28
名称:隐形人,类型:科幻／惊悚／恐怖,上映时间:2020-02-28
名称:画皮,类型:剧情／爱情／惊悚／奇幻,上映时间:2008-09-26
名称:魁拔V,类型:动作／动画／奇幻／冒险,上映时间:
名称:加勒比海盗5：死无对证,类型:喜剧／动作／奇幻,上映时间:2017-05-26
名称:变身特工,类型:喜剧／动作／科幻／动画／冒险,上映时间:2020-01-03
名称:风中有朵雨做的云,类型:剧情／悬疑／犯罪,上映时间:2019-04-04
名称:海上钢琴师,类型:剧情／爱情／音乐,上映时间:2019-11-15
名称:香港地,类型:,上映时间:2019
名称:同人哆啦A梦：大雄的喜马拉雅行进记,类型:动画,上映时间:2018-05-24
名称:大黄蜂,类型:动作／冒险／科幻,上映时间:2019-01-04
名称:蜘蛛侠：迷失复仇者,类型:喜剧／短片,上映时间:2015-10-29
名称:侏罗纪世界,类型:动作／冒险／科幻,上映时间:2015-06-10
名称:调音师,类型:悬疑／犯罪／喜剧,上映时间:2019-04-03
名称:速度与激情5,类型:动作／犯罪,上映时间:2011-05-12
名称:夺宝大师,类型:剧情／冒险／喜剧,上映时间:2019
名称:叶问3,类型:动作／历史／传记,上映时间:2016-03-04
名称:僵尸世界大战,类型:动作／科幻／恐怖,上映时间:2013-06-02
名称:特警队,类型:动作／犯罪／剧情,上映时间:2019-12-27
名称:小花仙大电影：奇迹少女,类型:动画／奇幻／歌舞,上映时间:
名称:出·路,类型:纪录片,上映时间:2017-12-30
名称:受益人,类型:喜剧／爱情／犯罪,上映时间:2019-11-08
名称:长城,类型:剧情／冒险／奇幻,上映时间:2016-12-16
名称:危城,类型:剧情／动作／犯罪,上映时间:2016-08-12
名称:头文字D,类型:剧情／动作,上映时间:2005-06-19
名称:罪证子弹,类型:动作,上映时间:2020-06-19
名称:决战中途岛,类型:剧情／历史／战争,上映时间:2019-11-08
名称:超凡蜘蛛侠2,类型:动作／冒险／科幻,上映时间:2014-05-04
名称:玩具总动员4,类型:喜剧／动画／奇幻,上映时间:2019-06-21
名称:地球最后的夜晚,类型:剧情／爱情／悬疑,上映时间:2018-12-31
名称:无问西东,类型:爱情／战争,上映时间:2018-01-12
名称:画壁,类型:剧情／动作／爱情／奇幻,上映时间:2011-09-29
名称:名侦探柯南 十年后的陌生人,类型:动画,上映时间:2009-06-17
名称:变形金刚4：绝迹重生,类型:动作／科幻,上映时间:2014-06-27
名称:哥斯拉,类型:动作／科幻／冒险／灾难,上映时间:2014-06-13
名称:变形金刚,类型:动作／科幻／惊悚,上映时间:2007-07-11
名称:寻梦历险记,类型:动画／家庭／奇幻,上映时间:2019-03-08
名称:指环王1：护戒使者,类型:剧情／动作／奇幻／冒险,上映时间:2002-04-04
名称:解放·终局营救,类型:剧情／战争／历史,上映时间:2019-12-27
名称:帕克,类型:动作／惊悚／犯罪,上映时间:2013-01-25
名称:超时空同居,类型:喜剧／爱情／奇幻,上映时间:2018-05-18
名称:利刃破冰,类型:剧情／动作／犯罪,上映时间:2019-12-25
名称:头号玩家,类型:动作／冒险／科幻,上映时间:2018-03-30
名称:三十不惑,类型:爱情,上映时间:
名称:人间·喜剧,类型:剧情／喜剧,上映时间:2019-03-29
名称:平原上的夏洛克,类型:喜剧／悬疑／剧情,上映时间:2019-11-29
名称:画皮2,类型:剧情／爱情／惊悚／奇幻,上映时间:2012-06-28
名称:缝纫机乐队,类型:剧情／喜剧／音乐,上映时间:2017-09-29
名称:钢铁侠,类型:动作／科幻／惊悚／冒险,上映时间:2008-04-30
名称:那一夜，我给你开过车,类型:爱情／喜剧,上映时间:2019-11-15
名称:密室逃生,类型:惊悚／悬疑／犯罪,上映时间:2019-01-18
名称:倩女幽魂,类型:奇幻／惊悚／古装,上映时间:2011-04-19
名称:只有芸知道,类型:剧情／爱情,上映时间:2019-12-20
名称:变形金刚3,类型:动作／科幻,上映时间:2011-07-21
名称:昆池岩,类型:恐怖／惊悚,上映时间:2018-03-28
名称:精武风云·陈真,类型:动作,上映时间:2010-09-21
名称:大话西游之月光宝盒,类型:喜剧／爱情／奇幻／古装,上映时间:2014-10-24
名称:绣春刀II：修罗战场,类型:动作／古装／武侠,上映时间:2017-07-19
名称:熊出没之雪岭熊风,类型:动画／喜剧／冒险,上映时间:2015-01-30
名称:功夫熊猫3,类型:动画／动作／冒险,上映时间:2016-01-29
名称:野性的呼唤,类型:剧情／冒险,上映时间:1992-12-28
名称:命运之夜——天之杯：恶兆之花,类型:剧情／动画／悬疑,上映时间:2019-01-11
